164464,550644,22722,SET OF 6 SPICE TINS PANTRY DESIGN,7,4/19/2011 16:19,3.95,12733.0,USA
164465,550644,22979,PANTRY WASHING UP BRUSH,2,4/19/2011 16:19,1.45,12733.0,USA
164466,550644,84987,SET OF 36 TEATIME PAPER DOILIES,3,4/19/2011 16:19,1.45,12733.0,USA
164467,550644,22720,SET OF 3 CAKE TINS PANTRY DESIGN ,1,4/19/2011 16:19,4.95,12733.0,USA
164468,550644,22993,SET OF 4 PANTRY JELLY MOULDS,1,4/19/2011 16:19,1.25,12733.0,USA
164469,550644,47580,TEA TIME DES TEA COSY,3,4/19/2011 16:19,2.55,12733.0,USA
164470,550644,22989,SET 2 PANTRY DESIGN TEA TOWELS,6,4/19/2011 16:19,3.25,12733.0,USA
164471,550644,22900, SET 2 TEA TOWELS I LOVE LONDON ,3,4/19/2011 16:19,3.25,12733.0,USA
164472,550644,22128,PARTY CONES CANDY ASSORTED,12,4/19/2011 16:19,1.25,12733.0,USA
164473,550644,47590B,PINK HAPPY BIRTHDAY BUNTING,4,4/19/2011 16:19,5.45,12733.0,USA
164474,550644,22965,3 TRADITIONAl BISCUIT CUTTERS  SET,2,4/19/2011 16:19,2.1,12733.0,USA
164475,550644,22088,PAPER BUNTING COLOURED LACE,6,4/19/2011 16:19,2.95,12733.0,USA
164476,550644,22990,COTTON APRON PANTRY DESIGN,5,4/19/2011 16:19,4.95,12733.0,USA
164477,550644,22129,PARTY CONES CANDY TREE DECORATION,36,4/19/2011 16:19,0.85,12733.0,USA
164478,550644,21067,VINTAGE RED TEATIME MUG,6,4/19/2011 16:19,1.25,12733.0,USA
164479,550644,22149,FELTCRAFT 6 FLOWER FRIENDS,6,4/19/2011 16:19,2.1,12733.0,USA
164480,550644,22147,FELTCRAFT BUTTERFLY HEARTS,7,4/19/2011 16:19,1.45,12733.0,USA
164481,550644,22301,COFFEE MUG CAT + BIRD DESIGN,6,4/19/2011 16:19,2.55,12733.0,USA
164482,550644,22970,LONDON BUS COFFEE MUG,6,4/19/2011 16:19,2.55,12733.0,USA
164483,550644,22423,REGENCY CAKESTAND 3 TIER,6,4/19/2011 16:19,12.75,12733.0,USA
164484,550644,37501,TEA TIME TEA SET IN GIFT BOX,5,4/19/2011 16:19,6.95,12733.0,USA
164485,550644,37500,TEA TIME TEAPOT IN GIFT BOX,4,4/19/2011 16:19,4.95,12733.0,USA
389350,570467,22551,PLASTERS IN TIN SPACEBOY,12,10/10/2011 16:06,1.65,12607.0,USA
389351,570467,21915,RED  HARMONICA IN BOX ,12,10/10/2011 16:06,1.25,12607.0,USA
389352,570467,22619,SET OF 6 SOLDIER SKITTLES,4,10/10/2011 16:06,3.75,12607.0,USA
389353,570467,22138,BAKING SET 9 PIECE RETROSPOT ,3,10/10/2011 16:06,4.95,12607.0,USA
389354,570467,21524,DOORMAT SPOTTY HOME SWEET HOME,2,10/10/2011 16:06,8.25,12607.0,USA
389355,570467,21668,RED STRIPE CERAMIC DRAWER KNOB,12,10/10/2011 16:06,1.45,12607.0,USA
389356,570467,21671,RED SPOT CERAMIC DRAWER KNOB,12,10/10/2011 16:06,1.45,12607.0,USA
389357,570467,21669,BLUE STRIPE CERAMIC DRAWER KNOB,12,10/10/2011 16:06,1.45,12607.0,USA
389358,570467,22090,PAPER BUNTING RETROSPOT,6,10/10/2011 16:06,2.95,12607.0,USA
389359,570467,22668,PINK BABY BUNTING,5,10/10/2011 16:06,2.95,12607.0,USA
389360,570467,47590A,BLUE HAPPY BIRTHDAY BUNTING,3,10/10/2011 16:06,5.45,12607.0,USA
389361,570467,47590B,PINK HAPPY BIRTHDAY BUNTING,3,10/10/2011 16:06,5.45,12607.0,USA
389362,570467,22974,CHILDRENS DOLLY GIRL MUG,12,10/10/2011 16:06,1.65,12607.0,USA
389363,570467,22972,CHILDREN'S SPACEBOY MUG,12,10/10/2011 16:06,1.65,12607.0,USA
389364,570467,22326,ROUND SNACK BOXES SET OF4 WOODLAND ,6,10/10/2011 16:06,2.95,12607.0,USA
389365,570467,21231,SWEETHEART CERAMIC TRINKET BOX,12,10/10/2011 16:06,1.25,12607.0,USA
389366,570467,21232,STRAWBERRY CERAMIC TRINKET BOX,12,10/10/2011 16:06,1.25,12607.0,USA
389367,570467,22949,36 DOILIES DOLLY GIRL,12,10/10/2011 16:06,1.45,12607.0,USA
389368,570467,21974,SET OF 36 PAISLEY FLOWER DOILIES,12,10/10/2011 16:06,1.45,12607.0,USA
389369,570467,84987,SET OF 36 TEATIME PAPER DOILIES,12,10/10/2011 16:06,1.45,12607.0,USA
389370,570467,84509A,SET OF 4 ENGLISH ROSE PLACEMATS,4,10/10/2011 16:06,3.75,12607.0,USA
389371,570467,37448,CERAMIC CAKE DESIGN SPOTTED MUG,12,10/10/2011 16:06,1.49,12607.0,USA
389372,570467,22649,STRAWBERRY FAIRY CAKE TEAPOT,8,10/10/2011 16:06,4.95,12607.0,USA
389373,570467,22951,60 CAKE CASES DOLLY GIRL DESIGN,24,10/10/2011 16:06,0.55,12607.0,USA
389374,570467,21976,PACK OF 60 MUSHROOM CAKE CASES,24,10/10/2011 16:06,0.55,12607.0,USA
389375,570467,22417,PACK OF 60 SPACEBOY CAKE CASES,24,10/10/2011 16:06,0.55,12607.0,USA
389376,570467,21212,PACK OF 72 RETROSPOT CAKE CASES,24,10/10/2011 16:06,0.55,12607.0,USA
389377,570467,22938,CUPCAKE LACE PAPER SET 6,12,10/10/2011 16:06,1.95,12607.0,USA
389378,570467,84991,60 TEATIME FAIRY CAKE CASES,24,10/10/2011 16:06,0.55,12607.0,USA
389379,570467,22199,FRYING PAN RED RETROSPOT,4,10/10/2011 16:06,4.25,12607.0,USA
389380,570467,22848,BREAD BIN DINER STYLE PINK,1,10/10/2011 16:06,16.95,12607.0,USA
389381,570467,22204,MILK PAN BLUE POLKADOT,4,10/10/2011 16:06,3.75,12607.0,USA
389382,570467,22360,GLASS JAR ENGLISH CONFECTIONERY,6,10/10/2011 16:06,2.95,12607.0,USA
389383,570467,47559B,TEA TIME OVEN GLOVE,10,10/10/2011 16:06,1.25,12607.0,USA
389384,570467,22399,MAGNETS PACK OF 4 CHILDHOOD MEMORY,12,10/10/2011 16:06,1.25,12607.0,USA
389385,570467,22922,FRIDGE MAGNETS US DINER ASSORTED,12,10/10/2011 16:06,0.85,12607.0,USA
389386,570467,23156,SET OF 5 MINI GROCERY MAGNETS,12,10/10/2011 16:06,2.08,12607.0,USA
389387,570467,23159,SET OF 5 PANCAKE DAY MAGNETS,12,10/10/2011 16:06,2.08,12607.0,USA
389388,570467,22027,TEA PARTY BIRTHDAY CARD,12,10/10/2011 16:06,0.42,12607.0,USA
389389,570467,22029,SPACEBOY BIRTHDAY CARD,12,10/10/2011 16:06,0.42,12607.0,USA
389390,570467,22983,CARD BILLBOARD FONT,12,10/10/2011 16:06,0.42,12607.0,USA
389391,570467,22712,CARD DOLLY GIRL ,12,10/10/2011 16:06,0.42,12607.0,USA
389392,570467,16161P,WRAP ENGLISH ROSE ,25,10/10/2011 16:06,0.42,12607.0,USA
389393,570467,21498,RED RETROSPOT WRAP ,25,10/10/2011 16:06,0.42,12607.0,USA
389394,570467,21499,BLUE POLKADOT WRAP,25,10/10/2011 16:06,0.42,12607.0,USA
389395,570467,22046,TEA PARTY  WRAPPING PAPER ,25,10/10/2011 16:06,0.42,12607.0,USA
389396,570467,22048,BIRTHDAY BANQUET GIFT WRAP,25,10/10/2011 16:06,0.42,12607.0,USA
389397,570467,22050,PINK PAISLEY ROSE GIFT WRAP,25,10/10/2011 16:06,0.42,12607.0,USA
389398,570467,22708,WRAP DOLLY GIRL,25,10/10/2011 16:06,0.42,12607.0,USA
389399,570467,22706,WRAP COWBOYS  ,25,10/10/2011 16:06,0.42,12607.0,USA
389400,570467,21122,SET/10 PINK POLKADOT PARTY CANDLES,24,10/10/2011 16:06,1.25,12607.0,USA
389401,570467,21123,SET/10 IVORY POLKADOT PARTY CANDLES,24,10/10/2011 16:06,1.25,12607.0,USA
389402,570467,21891,TRADITIONAL WOODEN SKIPPING ROPE,12,10/10/2011 16:06,1.45,12607.0,USA
389403,570467,23166,MEDIUM CERAMIC TOP STORAGE JAR,12,10/10/2011 16:06,1.25,12607.0,USA
389404,570467,23165,LARGE CERAMIC TOP STORAGE JAR,12,10/10/2011 16:06,1.65,12607.0,USA
389405,570467,23167,SMALL CERAMIC TOP STORAGE JAR ,12,10/10/2011 16:06,0.83,12607.0,USA
389406,570467,48185,DOORMAT FAIRY CAKE,2,10/10/2011 16:06,8.25,12607.0,USA
389407,570467,23372,SET 36 COLOUR PENCILS DOLLY GIRL,16,10/10/2011 16:06,1.25,12607.0,USA
389408,570467,23367,SET 12 COLOUR PENCILS SPACEBOY ,16,10/10/2011 16:06,0.65,12607.0,USA
389409,570467,23513,EMBROIDERED RIBBON REEL SUSIE ,6,10/10/2011 16:06,2.08,12607.0,USA
389410,570467,23518,EMBROIDERED RIBBON REEL RACHEL ,6,10/10/2011 16:06,2.89,12607.0,USA
389411,570467,23514,EMBROIDERED RIBBON REEL SALLY ,6,10/10/2011 16:06,2.08,12607.0,USA
389412,570467,22139,RETROSPOT TEA SET CERAMIC 11 PC ,3,10/10/2011 16:06,4.95,12607.0,USA
389413,570467,23078,ICE CREAM PEN LIP GLOSS ,24,10/10/2011 16:06,1.25,12607.0,USA
389414,570467,23077,DOUGHNUT LIP GLOSS ,20,10/10/2011 16:06,1.25,12607.0,USA
389415,570467,21058,PARTY INVITES WOODLAND,12,10/10/2011 16:06,0.85,12607.0,USA
389416,570467,21059,PARTY INVITES DINOSAURS,12,10/10/2011 16:06,0.85,12607.0,USA
389417,570467,22720,SET OF 3 CAKE TINS PANTRY DESIGN ,3,10/10/2011 16:06,4.95,12607.0,USA
389418,570467,22492,MINI PAINT SET VINTAGE ,36,10/10/2011 16:06,0.65,12607.0,USA
389419,570467,22738,RIBBON REEL SNOWY VILLAGE,10,10/10/2011 16:06,1.65,12607.0,USA
389420,570467,22734,SET OF 6 RIBBONS VINTAGE CHRISTMAS,6,10/10/2011 16:06,2.89,12607.0,USA
389421,570467,22737,RIBBON REEL CHRISTMAS PRESENT ,10,10/10/2011 16:06,1.65,12607.0,USA
389422,570467,23434,3 RAFFIA RIBBONS 50'S CHRISTMAS ,10,10/10/2011 16:06,0.79,12607.0,USA
389423,570467,22736,RIBBON REEL MAKING SNOWMEN ,10,10/10/2011 16:06,1.65,12607.0,USA
389424,570467,22739,RIBBON REEL CHRISTMAS SOCK BAUBLE,10,10/10/2011 16:06,1.65,12607.0,USA
389425,570467,22959,WRAP CHRISTMAS VILLAGE,25,10/10/2011 16:06,0.42,12607.0,USA
389426,570467,22818,CARD CHRISTMAS VILLAGE,12,10/10/2011 16:06,0.42,12607.0,USA
389427,570467,23014,GLASS APOTHECARY BOTTLE ELIXIR,4,10/10/2011 16:06,3.95,12607.0,USA
389428,570467,23229,VINTAGE DONKEY TAIL GAME ,6,10/10/2011 16:06,3.75,12607.0,USA
389429,570467,23289,DOLLY GIRL CHILDRENS BOWL,8,10/10/2011 16:06,1.25,12607.0,USA
389430,570467,23291,DOLLY GIRL CHILDRENS CUP,8,10/10/2011 16:06,1.25,12607.0,USA
389431,570467,23290,SPACEBOY CHILDRENS BOWL,8,10/10/2011 16:06,1.25,12607.0,USA
389432,570467,23292,SPACEBOY CHILDRENS CUP,8,10/10/2011 16:06,1.25,12607.0,USA
389433,570467,21210,SET OF 72 RETROSPOT PAPER  DOILIES,12,10/10/2011 16:06,1.45,12607.0,USA
389434,570467,23353,6 GIFT TAGS VINTAGE CHRISTMAS ,12,10/10/2011 16:06,0.83,12607.0,USA
389435,570467,23349,ROLL WRAP VINTAGE CHRISTMAS,12,10/10/2011 16:06,1.25,12607.0,USA
389436,570467,23351,ROLL WRAP 50'S CHRISTMAS,12,10/10/2011 16:06,1.25,12607.0,USA
389437,570467,23354,6 GIFT TAGS 50'S CHRISTMAS ,12,10/10/2011 16:06,0.83,12607.0,USA
389438,570467,23311,VINTAGE CHRISTMAS STOCKING ,6,10/10/2011 16:06,2.55,12607.0,USA
389439,570467,23309,SET OF 60 I LOVE LONDON CAKE CASES ,24,10/10/2011 16:06,0.55,12607.0,USA
389440,570467,23293,SET OF 12 FAIRY CAKE BAKING CASES,8,10/10/2011 16:06,0.83,12607.0,USA
389441,570467,23255,CHILDRENS CUTLERY CIRCUS PARADE,4,10/10/2011 16:06,4.15,12607.0,USA
389442,570467,23256,CHILDRENS CUTLERY SPACEBOY ,4,10/10/2011 16:06,4.15,12607.0,USA
389443,570467,22989,SET 2 PANTRY DESIGN TEA TOWELS,6,10/10/2011 16:06,3.25,12607.0,USA
389444,570467,23254,CHILDRENS CUTLERY DOLLY GIRL ,4,10/10/2011 16:06,4.15,12607.0,USA
389445,570467,20750,RED RETROSPOT MINI CASES,2,10/10/2011 16:06,7.95,12607.0,USA
389446,570467,22449,SILK PURSE BABUSHKA PINK,6,10/10/2011 16:06,3.35,12607.0,USA
389447,570467,21577,SAVE THE PLANET COTTON TOTE BAG,6,10/10/2011 16:06,2.25,12607.0,USA
389448,570467,37495,FAIRY CAKE BIRTHDAY CANDLE SET,4,10/10/2011 16:06,3.75,12607.0,USA
389449,570467,21121,SET/10 RED POLKADOT PARTY CANDLES,24,10/10/2011 16:06,1.25,12607.0,USA
389450,570467,21124,SET/10 BLUE POLKADOT PARTY CANDLES,24,10/10/2011 16:06,1.25,12607.0,USA
393995,C570867,23290,SPACEBOY CHILDRENS BOWL,-8,10/12/2011 16:17,1.25,12607.0,USA
393996,C570867,23289,DOLLY GIRL CHILDRENS BOWL,-8,10/12/2011 16:17,1.25,12607.0,USA
393997,C570867,23256,CHILDRENS CUTLERY SPACEBOY ,-4,10/12/2011 16:17,4.15,12607.0,USA
393998,C570867,23255,CHILDRENS CUTLERY CIRCUS PARADE,-4,10/12/2011 16:17,4.15,12607.0,USA
393999,C570867,23254,CHILDRENS CUTLERY DOLLY GIRL ,-4,10/12/2011 16:17,4.15,12607.0,USA
394000,C570867,23229,VINTAGE DONKEY TAIL GAME ,-6,10/12/2011 16:17,3.75,12607.0,USA
394001,C570867,23167,SMALL CERAMIC TOP STORAGE JAR ,-12,10/12/2011 16:17,0.83,12607.0,USA
394002,C570867,23166,MEDIUM CERAMIC TOP STORAGE JAR,-12,10/12/2011 16:17,1.25,12607.0,USA
394003,C570867,23165,LARGE CERAMIC TOP STORAGE JAR,-12,10/12/2011 16:17,1.65,12607.0,USA
394004,C570867,23159,SET OF 5 PANCAKE DAY MAGNETS,-12,10/12/2011 16:17,2.08,12607.0,USA
394005,C570867,23156,SET OF 5 MINI GROCERY MAGNETS,-12,10/12/2011 16:17,2.08,12607.0,USA
394006,C570867,23078,ICE CREAM PEN LIP GLOSS ,-24,10/12/2011 16:17,1.25,12607.0,USA
394007,C570867,23077,DOUGHNUT LIP GLOSS ,-20,10/12/2011 16:17,1.25,12607.0,USA
394008,C570867,23014,GLASS APOTHECARY BOTTLE ELIXIR,-4,10/12/2011 16:17,3.95,12607.0,USA
394009,C570867,22989,SET 2 PANTRY DESIGN TEA TOWELS,-6,10/12/2011 16:17,3.25,12607.0,USA
394010,C570867,22983,CARD BILLBOARD FONT,-12,10/12/2011 16:17,0.42,12607.0,USA
394011,C570867,22974,CHILDRENS DOLLY GIRL MUG,-12,10/12/2011 16:17,1.65,12607.0,USA
394012,C570867,22972,CHILDREN'S SPACEBOY MUG,-12,10/12/2011 16:17,1.65,12607.0,USA
394013,C570867,22959,WRAP CHRISTMAS VILLAGE,-25,10/12/2011 16:17,0.42,12607.0,USA
394014,C570867,22951,60 CAKE CASES DOLLY GIRL DESIGN,-24,10/12/2011 16:17,0.55,12607.0,USA
394015,C570867,22949,36 DOILIES DOLLY GIRL,-12,10/12/2011 16:17,1.45,12607.0,USA
394016,C570867,22938,CUPCAKE LACE PAPER SET 6,-12,10/12/2011 16:17,1.95,12607.0,USA
394017,C570867,22922,FRIDGE MAGNETS US DINER ASSORTED,-12,10/12/2011 16:17,0.85,12607.0,USA
394018,C570867,22848,BREAD BIN DINER STYLE PINK,-1,10/12/2011 16:17,16.95,12607.0,USA
394019,C570867,22818,CARD CHRISTMAS VILLAGE,-12,10/12/2011 16:17,0.42,12607.0,USA
394020,C570867,22739,RIBBON REEL CHRISTMAS SOCK BAUBLE,-10,10/12/2011 16:17,1.65,12607.0,USA
394021,C570867,22738,RIBBON REEL SNOWY VILLAGE,-10,10/12/2011 16:17,1.65,12607.0,USA
394022,C570867,22737,RIBBON REEL CHRISTMAS PRESENT ,-10,10/12/2011 16:17,1.65,12607.0,USA
394023,C570867,22736,RIBBON REEL MAKING SNOWMEN ,-10,10/12/2011 16:17,1.65,12607.0,USA
394024,C570867,22734,SET OF 6 RIBBONS VINTAGE CHRISTMAS,-6,10/12/2011 16:17,2.89,12607.0,USA
394025,C570867,22720,SET OF 3 CAKE TINS PANTRY DESIGN ,-3,10/12/2011 16:17,4.95,12607.0,USA
394026,C570867,22712,CARD DOLLY GIRL ,-12,10/12/2011 16:17,0.42,12607.0,USA
394027,C570867,22708,WRAP DOLLY GIRL,-25,10/12/2011 16:17,0.42,12607.0,USA
394028,C570867,22706,WRAP COWBOYS  ,-25,10/12/2011 16:17,0.42,12607.0,USA
394029,C570867,22668,PINK BABY BUNTING,-5,10/12/2011 16:17,2.95,12607.0,USA
394030,C570867,22649,STRAWBERRY FAIRY CAKE TEAPOT,-8,10/12/2011 16:17,4.95,12607.0,USA
394031,C570867,22619,SET OF 6 SOLDIER SKITTLES,-4,10/12/2011 16:17,3.75,12607.0,USA
394032,C570867,22551,PLASTERS IN TIN SPACEBOY,-12,10/12/2011 16:17,1.65,12607.0,USA
394033,C570867,22492,MINI PAINT SET VINTAGE ,-36,10/12/2011 16:17,0.65,12607.0,USA
394034,C570867,22449,SILK PURSE BABUSHKA PINK,-6,10/12/2011 16:17,3.35,12607.0,USA
394035,C570867,22417,PACK OF 60 SPACEBOY CAKE CASES,-24,10/12/2011 16:17,0.55,12607.0,USA
394036,C570867,22399,MAGNETS PACK OF 4 CHILDHOOD MEMORY,-12,10/12/2011 16:17,1.25,12607.0,USA
394037,C570867,22360,GLASS JAR ENGLISH CONFECTIONERY,-6,10/12/2011 16:17,2.95,12607.0,USA
394038,C570867,22326,ROUND SNACK BOXES SET OF4 WOODLAND ,-6,10/12/2011 16:17,2.95,12607.0,USA
394039,C570867,22204,MILK PAN BLUE POLKADOT,-4,10/12/2011 16:17,3.75,12607.0,USA
394040,C570867,22199,FRYING PAN RED RETROSPOT,-4,10/12/2011 16:17,4.25,12607.0,USA
394041,C570867,22139,RETROSPOT TEA SET CERAMIC 11 PC ,-3,10/12/2011 16:17,4.95,12607.0,USA
394042,C570867,22138,BAKING SET 9 PIECE RETROSPOT ,-3,10/12/2011 16:17,4.95,12607.0,USA
394043,C570867,22090,PAPER BUNTING RETROSPOT,-6,10/12/2011 16:17,2.95,12607.0,USA
394044,C570867,22050,PINK PAISLEY ROSE GIFT WRAP,-25,10/12/2011 16:17,0.42,12607.0,USA
394045,C570867,22048,BIRTHDAY BANQUET GIFT WRAP,-25,10/12/2011 16:17,0.42,12607.0,USA
394046,C570867,22046,TEA PARTY  WRAPPING PAPER ,-25,10/12/2011 16:17,0.42,12607.0,USA
394047,C570867,22029,SPACEBOY BIRTHDAY CARD,-12,10/12/2011 16:17,0.42,12607.0,USA
394048,C570867,22027,TEA PARTY BIRTHDAY CARD,-12,10/12/2011 16:17,0.42,12607.0,USA
394049,C570867,21976,PACK OF 60 MUSHROOM CAKE CASES,-24,10/12/2011 16:17,0.55,12607.0,USA
394050,C570867,21974,SET OF 36 PAISLEY FLOWER DOILIES,-12,10/12/2011 16:17,1.45,12607.0,USA
394051,C570867,21915,RED  HARMONICA IN BOX ,-12,10/12/2011 16:17,1.25,12607.0,USA
394052,C570867,21891,TRADITIONAL WOODEN SKIPPING ROPE,-12,10/12/2011 16:17,1.45,12607.0,USA
394053,C570867,21671,RED SPOT CERAMIC DRAWER KNOB,-12,10/12/2011 16:17,1.45,12607.0,USA
394054,C570867,21669,BLUE STRIPE CERAMIC DRAWER KNOB,-12,10/12/2011 16:17,1.45,12607.0,USA
394055,C570867,21668,RED STRIPE CERAMIC DRAWER KNOB,-12,10/12/2011 16:17,1.45,12607.0,USA
394056,C570867,21577,SAVE THE PLANET COTTON TOTE BAG,-6,10/12/2011 16:17,2.25,12607.0,USA
394057,C570867,21524,DOORMAT SPOTTY HOME SWEET HOME,-2,10/12/2011 16:17,8.25,12607.0,USA
394058,C570867,21499,BLUE POLKADOT WRAP,-25,10/12/2011 16:17,0.42,12607.0,USA
394059,C570867,21498,RED RETROSPOT WRAP ,-25,10/12/2011 16:17,0.42,12607.0,USA
394060,C570867,21232,STRAWBERRY CERAMIC TRINKET BOX,-12,10/12/2011 16:17,1.25,12607.0,USA
394061,C570867,21231,SWEETHEART CERAMIC TRINKET BOX,-12,10/12/2011 16:17,1.25,12607.0,USA
394062,C570867,21212,PACK OF 72 RETROSPOT CAKE CASES,-24,10/12/2011 16:17,0.55,12607.0,USA
394063,C570867,21210,SET OF 72 RETROSPOT PAPER  DOILIES,-12,10/12/2011 16:17,1.45,12607.0,USA
394064,C570867,21124,SET/10 BLUE POLKADOT PARTY CANDLES,-24,10/12/2011 16:17,1.25,12607.0,USA
394065,C570867,21123,SET/10 IVORY POLKADOT PARTY CANDLES,-24,10/12/2011 16:17,1.25,12607.0,USA
394066,C570867,21122,SET/10 PINK POLKADOT PARTY CANDLES,-24,10/12/2011 16:17,1.25,12607.0,USA
394067,C570867,21121,SET/10 RED POLKADOT PARTY CANDLES,-24,10/12/2011 16:17,1.25,12607.0,USA
394068,C570867,21059,PARTY INVITES DINOSAURS,-12,10/12/2011 16:17,0.85,12607.0,USA
394069,C570867,20750,RED RETROSPOT MINI CASES,-2,10/12/2011 16:17,7.95,12607.0,USA
394070,C570867,16161P,WRAP ENGLISH ROSE ,-25,10/12/2011 16:17,0.42,12607.0,USA
394071,C570867,84991,60 TEATIME FAIRY CAKE CASES,-24,10/12/2011 16:17,0.55,12607.0,USA
394072,C570867,84987,SET OF 36 TEATIME PAPER DOILIES,-12,10/12/2011 16:17,1.45,12607.0,USA
394073,C570867,84509A,SET OF 4 ENGLISH ROSE PLACEMATS,-4,10/12/2011 16:17,3.75,12607.0,USA
394074,C570867,48185,DOORMAT FAIRY CAKE,-2,10/12/2011 16:17,8.25,12607.0,USA
394075,C570867,47590B,PINK HAPPY BIRTHDAY BUNTING,-3,10/12/2011 16:17,5.45,12607.0,USA
394076,C570867,47590A,BLUE HAPPY BIRTHDAY BUNTING,-3,10/12/2011 16:17,5.45,12607.0,USA
394077,C570867,47559B,TEA TIME OVEN GLOVE,-10,10/12/2011 16:17,1.25,12607.0,USA
394078,C570867,37495,FAIRY CAKE BIRTHDAY CANDLE SET,-4,10/12/2011 16:17,3.75,12607.0,USA
394079,C570867,37448,CERAMIC CAKE DESIGN SPOTTED MUG,-12,10/12/2011 16:17,1.49,12607.0,USA
394080,C570867,23518,EMBROIDERED RIBBON REEL RACHEL ,-6,10/12/2011 16:17,2.89,12607.0,USA
394081,C570867,23514,EMBROIDERED RIBBON REEL SALLY ,-6,10/12/2011 16:17,2.08,12607.0,USA
394082,C570867,23434,3 RAFFIA RIBBONS 50'S CHRISTMAS ,-10,10/12/2011 16:17,0.79,12607.0,USA
394083,C570867,23372,SET 36 COLOUR PENCILS DOLLY GIRL,-16,10/12/2011 16:17,1.25,12607.0,USA
394084,C570867,23367,SET 12 COLOUR PENCILS SPACEBOY ,-16,10/12/2011 16:17,0.65,12607.0,USA
394085,C570867,23354,6 GIFT TAGS 50'S CHRISTMAS ,-12,10/12/2011 16:17,0.83,12607.0,USA
394086,C570867,23353,6 GIFT TAGS VINTAGE CHRISTMAS ,-12,10/12/2011 16:17,0.83,12607.0,USA
394087,C570867,23351,ROLL WRAP 50'S CHRISTMAS,-12,10/12/2011 16:17,1.25,12607.0,USA
394088,C570867,23349,ROLL WRAP VINTAGE CHRISTMAS,-12,10/12/2011 16:17,1.25,12607.0,USA
394089,C570867,23311,VINTAGE CHRISTMAS STOCKING ,-6,10/12/2011 16:17,2.55,12607.0,USA
394090,C570867,23309,SET OF 60 I LOVE LONDON CAKE CASES ,-24,10/12/2011 16:17,0.55,12607.0,USA
394091,C570867,23293,SET OF 12 FAIRY CAKE BAKING CASES,-8,10/12/2011 16:17,0.83,12607.0,USA
394092,C570867,23292,SPACEBOY CHILDRENS CUP,-8,10/12/2011 16:17,1.25,12607.0,USA
394093,C570867,23291,DOLLY GIRL CHILDRENS CUP,-8,10/12/2011 16:17,1.25,12607.0,USA
394094,C570867,23513,EMBROIDERED RIBBON REEL SUSIE ,-6,10/12/2011 16:17,2.08,12607.0,USA
394095,C570867,21058,PARTY INVITES WOODLAND,-12,10/12/2011 16:17,0.85,12607.0,USA
411304,572215,23173,REGENCY TEAPOT ROSES ,4,10/21/2011 12:52,9.95,12646.0,USA
411305,572215,22423,REGENCY CAKESTAND 3 TIER,3,10/21/2011 12:52,12.75,12646.0,USA
411306,572215,22962,JAM JAR WITH PINK LID,24,10/21/2011 12:52,0.85,12646.0,USA
411307,572215,22963,JAM JAR WITH GREEN LID,24,10/21/2011 12:52,0.85,12646.0,USA
411308,572215,23328,SET 6 SCHOOL MILK BOTTLES IN CRATE,24,10/21/2011 12:52,3.39,12646.0,USA
411309,572215,22907,PACK OF 20 NAPKINS PANTRY DESIGN,36,10/21/2011 12:52,0.85,12646.0,USA
411310,572215,21121,SET/10 RED POLKADOT PARTY CANDLES,48,10/21/2011 12:52,1.25,12646.0,USA
411311,572215,21124,SET/10 BLUE POLKADOT PARTY CANDLES,48,10/21/2011 12:52,1.25,12646.0,USA
411312,572215,21122,SET/10 PINK POLKADOT PARTY CANDLES,48,10/21/2011 12:52,1.25,12646.0,USA
411313,572215,21123,SET/10 IVORY POLKADOT PARTY CANDLES,48,10/21/2011 12:52,1.25,12646.0,USA
411314,572215,23295,SET OF 12 MINI LOAF BAKING CASES,24,10/21/2011 12:52,0.83,12646.0,USA
411315,572215,23293,SET OF 12 FAIRY CAKE BAKING CASES,32,10/21/2011 12:52,0.83,12646.0,USA
411316,572215,23296,SET OF 6 TEA TIME BAKING CASES,32,10/21/2011 12:52,1.25,12646.0,USA
411317,572215,23515,EMBROIDERED RIBBON REEL DAISY ,6,10/21/2011 12:52,2.08,12646.0,USA
411318,572215,23516,EMBROIDERED RIBBON REEL SOPHIE  ,6,10/21/2011 12:52,3.75,12646.0,USA
411319,572215,23513,EMBROIDERED RIBBON REEL SUSIE ,6,10/21/2011 12:52,2.08,12646.0,USA
411320,572215,23512,EMBROIDERED RIBBON REEL ROSIE,6,10/21/2011 12:52,2.08,12646.0,USA
411321,572215,23366,SET 12 COLOURING PENCILS DOILY,16,10/21/2011 12:52,0.65,12646.0,USA
411322,572215,22961,JAM MAKING SET PRINTED,12,10/21/2011 12:52,1.45,12646.0,USA
411323,572215,23294,SET OF 6 SNACK LOAF BAKING CASES,24,10/21/2011 12:52,0.83,12646.0,USA
411324,572215,22734,SET OF 6 RIBBONS VINTAGE CHRISTMAS,6,10/21/2011 12:52,2.89,12646.0,USA
411325,572215,23245,SET OF 3 REGENCY CAKE TINS,4,10/21/2011 12:52,4.95,12646.0,USA
411326,572215,23174,REGENCY SUGAR BOWL GREEN,4,10/21/2011 12:52,4.15,12646.0,USA
411327,572215,23175,REGENCY MILK JUG PINK ,4,10/21/2011 12:52,3.25,12646.0,USA
519634,580158,22712,CARD DOLLY GIRL ,12,12/2/2011 10:41,0.42,12558.0,USA
519635,580158,23344,JUMBO BAG 50'S CHRISTMAS ,10,12/2/2011 10:41,2.08,12558.0,USA
519636,580158,85099B,JUMBO BAG RED RETROSPOT,10,12/2/2011 10:41,2.08,12558.0,USA
519637,580158,23209,LUNCH BAG VINTAGE DOILY ,20,12/2/2011 10:41,1.65,12558.0,USA
519638,580158,79191C,RETRO PLASTIC ELEPHANT TRAY,24,12/2/2011 10:41,0.85,12558.0,USA
519639,580158,23392,SPACEBOY ROCKET LOLLY MAKERS,24,12/2/2011 10:41,2.08,12558.0,USA
519640,580158,84828,JUNGLE POPSICLES ICE LOLLY MOULDS,24,12/2/2011 10:41,1.25,12558.0,USA
519641,580158,23158,SET OF 5 LUCKY CAT MAGNETS ,36,12/2/2011 10:41,2.08,12558.0,USA
519642,580158,21507,ELEPHANT BIRTHDAY CARD ,12,12/2/2011 10:41,0.42,12558.0,USA
519643,580158,21508,VINTAGE KID DOLLY CARD ,12,12/2/2011 10:41,0.42,12558.0,USA
519644,580158,22027,TEA PARTY BIRTHDAY CARD,12,12/2/2011 10:41,0.42,12558.0,USA
524416,580553,21242,RED RETROSPOT PLATE ,16,12/5/2011 10:14,1.69,12646.0,USA
524417,580553,21243,PINK POLKADOT PLATE ,16,12/5/2011 10:14,1.69,12646.0,USA
524418,580553,21245,GREEN POLKADOT PLATE ,16,12/5/2011 10:14,1.69,12646.0,USA
524419,580553,21238,RED RETROSPOT CUP,16,12/5/2011 10:14,0.85,12646.0,USA
524420,580553,21239,PINK  POLKADOT CUP,16,12/5/2011 10:14,0.85,12646.0,USA
524421,580553,84997A,CHILDRENS CUTLERY POLKADOT GREEN ,8,12/5/2011 10:14,4.15,12646.0,USA
524422,580553,84997C,CHILDRENS CUTLERY POLKADOT BLUE,8,12/5/2011 10:14,4.15,12646.0,USA
524423,580553,84997B,CHILDRENS CUTLERY RETROSPOT RED ,8,12/5/2011 10:14,4.15,12646.0,USA
524424,580553,84997D,CHILDRENS CUTLERY POLKADOT PINK,8,12/5/2011 10:14,4.15,12646.0,USA
524425,580553,23328,SET 6 SCHOOL MILK BOTTLES IN CRATE,24,12/5/2011 10:14,3.39,12646.0,USA
524426,580553,23366,SET 12 COLOURING PENCILS DOILY,72,12/5/2011 10:14,0.65,12646.0,USA
524427,580553,23303,SET 4 PICNIC CUTLERY FONDANT,12,12/5/2011 10:14,1.95,12646.0,USA
524428,580553,23305,SET 4 PICNIC CUTLERY BLUEBERRY,12,12/5/2011 10:14,1.95,12646.0,USA
524429,580553,23304,SET 4 PICNIC CUTLERY CHERRY ,12,12/5/2011 10:14,1.95,12646.0,USA
524430,580553,20677,PINK POLKADOT BOWL,16,12/5/2011 10:14,1.25,12646.0,USA
524431,580553,20674,GREEN POLKADOT BOWL,16,12/5/2011 10:14,1.25,12646.0,USA
524432,580553,20675,BLUE POLKADOT BOWL,16,12/5/2011 10:14,1.25,12646.0,USA
524433,580553,20676,RED RETROSPOT BOWL,16,12/5/2011 10:14,1.25,12646.0,USA
524434,580553,20975,12 PENCILS SMALL TUBE RED RETROSPOT,72,12/5/2011 10:14,0.65,12646.0,USA
524435,580553,22083,PAPER CHAIN KIT RETROSPOT,12,12/5/2011 10:14,2.95,12646.0,USA
524436,580553,21240,BLUE POLKADOT CUP,16,12/5/2011 10:14,0.85,12646.0,USA
536916,C581229,85099B,JUMBO BAG RED RETROSPOT,-10,12/8/2011 10:14,2.08,12558.0,USA
536917,C581229,84828,JUNGLE POPSICLES ICE LOLLY MOULDS,-24,12/8/2011 10:14,1.25,12558.0,USA
536918,C581229,79191C,RETRO PLASTIC ELEPHANT TRAY,-24,12/8/2011 10:14,0.85,12558.0,USA
536919,C581229,23392,SPACEBOY ROCKET LOLLY MAKERS,-24,12/8/2011 10:14,2.08,12558.0,USA
536920,C581229,23344,JUMBO BAG 50'S CHRISTMAS ,-10,12/8/2011 10:14,2.08,12558.0,USA
536921,C581229,23209,LUNCH BAG VINTAGE DOILY ,-20,12/8/2011 10:14,1.65,12558.0,USA
536922,C581229,23158,SET OF 5 LUCKY CAT MAGNETS ,-36,12/8/2011 10:14,2.08,12558.0,USA
536923,C581229,22712,CARD DOLLY GIRL ,-12,12/8/2011 10:14,0.42,12558.0,USA
536924,C581229,22027,TEA PARTY BIRTHDAY CARD,-12,12/8/2011 10:14,0.42,12558.0,USA
536925,C581229,21508,VINTAGE KID DOLLY CARD ,-12,12/8/2011 10:14,0.42,12558.0,USA
536926,C581229,21507,ELEPHANT BIRTHDAY CARD ,-12,12/8/2011 10:14,0.42,12558.0,USA
